{
  "timestamp": "2026-03-26T17:07:22.494904+00:00",
  "validation": "Temperature Factorization Theorem -- Independence of F from T and v",
  "temperature_independence": {
    "temperatures": [
      0.5,
      1.0,
      2.0,
      5.0,
      10.0
    ],
    "metrics": {
      "n_nodes": {
        "values": [
          100.0,
          100.0,
          100.0,
          100.0,
          100.0
        ],
        "variance": 0.0,
        "std": 0.0
      },
      "n_edges": {
        "values": [
          106.0,
          106.0,
          106.0,
          106.0,
          106.0
        ],
        "variance": 0.0,
        "std": 0.0
      },
      "degree_mean": {
        "values": [
          2.12,
          2.12,
          2.12,
          2.12,
          2.12
        ],
        "variance": 0.0,
        "std": 0.0
      },
      "degree_std": {
        "values": [
          1.3948476619330155,
          1.3948476619330155,
          1.3948476619330155,
          1.3948476619330155,
          1.3948476619330155
        ],
        "variance": 0.0,
        "std": 0.0
      },
      "degree_max": {
        "values": [
          5.0,
          5.0,
          5.0,
          5.0,
          5.0
        ],
        "variance": 0.0,
        "std": 0.0
      },
      "clustering_mean": {
        "values": [
          0.27399999999999997,
          0.27399999999999997,
          0.27399999999999997,
          0.27399999999999997,
          0.27399999999999997
        ],
        "variance": 0.0,
        "std": 0.0
      },
      "clustering_std": {
        "values": [
          0.3629073955953195,
          0.3629073955953195,
          0.3629073955953195,
          0.3629073955953195,
          0.3629073955953195
        ],
        "variance": 0.0,
        "std": 0.0
      },
      "avg_path_length": {
        "values": [
          4.283400809716599,
          4.283400809716599,
          4.283400809716599,
          4.283400809716599,
          4.283400809716599
        ],
        "variance": 0.0,
        "std": 0.0
      },
      "density": {
        "values": [
          0.021414141414141413,
          0.021414141414141413,
          0.021414141414141413,
          0.021414141414141413,
          0.021414141414141413
        ],
        "variance": 0.0,
        "std": 0.0
      }
    },
    "conclusion": "All graph-topology metrics have zero variance across temperatures -- structural factor F is temperature-independent."
  },
  "velocity_blindness": {
    "n_trials": 100,
    "velocity_differences": [
      6.247066392304452,
      3.636065181295282,
      6.206949775647672,
      5.017188172212489,
      4.9210581199756565,
      2.9596365717131383,
      1.1210570962560908,
      3.9353100692956415,
      3.6558092182617914,
      5.32756842793725,
      4.437204776374017,
      4.638368677543122,
      2.0411040742605513,
      5.721131293465893,
      2.8053227089279447,
      4.2371074781454885,
      2.3751334118948195,
      4.602279646450091,
      5.643665401498292,
      4.1566305918359285,
      4.456571412556878,
      4.093881638889751,
      3.6697734515581706,
      6.111300846747177,
      5.385350735453112,
      3.7561776556466087,
      3.583038692407554,
      4.2800703719293685,
      6.669067202430346,
      5.711857180877987,
      4.671928854687682,
      0.8480654137861764,
      4.699970097294899,
      4.425429169511527,
      2.9217112491591553,
      3.724425935142733,
      5.295847538403672,
      5.437709780811812,
      1.454329375059595,
      6.211294454276463,
      4.2533063857311575,
      4.281504771549061,
      2.8322907586427117,
      2.307383059308958,
      3.2488382312111126,
      5.069518575553319,
      2.3272730078594286,
      5.87592710104557,
      6.5843246794280885,
      5.573169085579532,
      1.1364897229616748,
      2.4517298325785224,
      5.838671953504784,
      6.837894949008353,
      5.259555969079626,
      5.9458618061450705,
      4.767080138610903,
      6.713124790310339,
      3.5556344870212593,
      4.406513357435719,
      0.6764789058335297,
      7.1205570661627915,
      6.020901268434851,
      4.772972640647113,
      3.68182542342132,
      2.436784387411664,
      4.135921141769559,
      5.281279497432472,
      6.349882110431453,
      4.890529539518601,
      2.075258779729277,
      2.4468683989040128,
      2.4078962014291,
      1.8652198360184176,
      4.675713407119649,
      5.365241704759535,
      4.489497541024966,
      3.68361759804797,
      6.108995827886967,
      5.988467149040451,
      4.894899330469746,
      5.757563021976674,
      3.3427918265134275,
      4.827601822249317,
      6.930171228403589,
      6.472142939333739,
      5.117987314196021,
      2.3786596323365834,
      3.896079438698318,
      0.6705663283804328,
      6.612727737747368,
      1.8684751050307054,
      4.94477628878023,
      5.775846177690365,
      6.158413781827877,
      4.055705658892621,
      6.434853159195876,
      1.2727001358180912,
      5.2026656288531035,
      6.207882817427199
    ],
    "paths_match": [
      true,
      true,
      true,
      true,
      true,
      true,
      true,
      true,
      true,
      true,
      true,
      true,
      true,
      true,
      true,
      true,
      true,
      true,
      true,
      true,
      true,
      true,
      true,
      true,
      true,
      true,
      true,
      true,
      true,
      true,
      true,
      true,
      true,
      true,
      true,
      true,
      true,
      true,
      true,
      true,
      true,
      true,
      true,
      true,
      true,
      true,
      true,
      true,
      true,
      true,
      true,
      true,
      true,
      true,
      true,
      true,
      true,
      true,
      true,
      true,
      true,
      true,
      true,
      true,
      true,
      true,
      true,
      true,
      true,
      true,
      true,
      true,
      true,
      true,
      true,
      true,
      true,
      true,
      true,
      true,
      true,
      true,
      true,
      true,
      true,
      true,
      true,
      true,
      true,
      true,
      true,
      true,
      true,
      true,
      true,
      true,
      true,
      true,
      true,
      true
    ],
    "match_rate": 1.0,
    "conclusion": "Path match rate = 100.0% across 100 trials -- graph topology is velocity-blind."
  },
  "combined_conclusion": "Structural factor F is both temperature-independent (zero variance in all graph metrics across T) and velocity-independent (100% path match across diverse velocity differences)."
}